kappa;theta;sigma_v;rho;v0;source
3.947602439709149;0.096767871242736;1.1748911048166581;-0.44037946476781215;0.08324805738874932;heston_fourier_rmse=0.00028327
