kappa;theta;sigma_v;rho;v0;source
1.5;0.39038771126533545;1.2334691809724878;-0.9;0.10253204375998937;iv_heuristic
