kappa;theta;sigma_v;rho;v0;source
1.087879272159571;0.5981961670538707;4.999055318477839;-0.3128652912496797;0.18903549882098553;heston_fourier_rmse=0.00145763
