kappa;theta;sigma_v;rho;v0;source
1.402209319305551;0.06505074587701483;0.6531721670798816;-0.20642085346817246;0.08432096349947535;heston_fourier_rmse=0.00108125
