portfolio;underlying;market_value;delta;gamma;vega;theta;rho;dv01;nb_positions;nb_errors
Options;AAPL;7839053.549657997;50879.69969116723;-89.99397224531515;-2240873.2843129383;-4490435.280712352;-14380364.939795507;;6;0
