portfolio;nb_positions;nb_ok;nb_errors;nb_warnings;market_value;delta;gamma;vega;theta;rho;dv01
Options;6;6;0;6;7839053.549657997;50879.69969116723;-89.99397224531515;-2240873.2843129383;-4490435.280712352;-14380364.939795507;
